Method,Value
Monte Carlo,1.0920025013294312
Black-Scholes,1.1648630315219686
